id,region,city,latitude,longitude,income,rooms,age,area_sqft,price
1,Georgia,City135,38.913678,-106.668193,64212,1,85,1051,162800
2,Virginia,City107,45.608314,-75.530214,41720,8,108,1470,302753
3,Illinois,City4,27.070634,-96.899794,47352,6,44,1865,345392
4,Wisconsin,City76,48.183388,-95.642371,66712,8,9,1125,432746
5,New York,City143,39.6214,-95.558777,66293,3,76,1838,296985
6,Ohio,City34,37.46927,-81.251145,46036,7,87,450,292387
7,Tennessee,City162,36.210171,-103.23388,49058,1,39,1725,199064
8,Tennessee,City167,46.851308,-78.227643,58963,6,60,1518,401649
9,Massachusetts,City45,32.183051,-71.829348,82450,2,108,1188,257024
10,Georgia,City142,47.304482,-101.572165,46818,7,65,1549,352799
11,Missouri,City40,34.385423,-97.527458,60059,1,109,3249,238086
12,California,City76,24.573522,-110.57492,66291,5,50,2381,376892
13,Michigan,City53,42.124186,-91.440547,77689,8,114,2422,439422
14,Michigan,City144,36.296709,-112.71457,49326,1,59,2275,229394
15,Pennsylvania,City174,43.105127,-80.837767,71981,3,20,1293,292268
16,Ohio,City79,47.637522,-69.685906,55304,4,119,1526,208522
17,North Carolina,City190,39.859015,-78.387491,26679,3,57,2325,251685
18,Ohio,City7,32.258173,-119.603448,38595,5,91,2171,321509
19,Florida,City151,27.049928,-110.526081,61213,6,51,1256,350243
20,Wisconsin,City9,47.630128,-69.19776,49207,4,11,1725,308177
21,Georgia,City77,25.903537,-70.026933,60908,5,79,1710,305876
22,Georgia,City5,45.081041,-77.442828,43330,8,98,948,345652
23,Washington,City65,47.464299,-72.264229,43743,2,15,939,187987
24,Arizona,City121,29.628379,-66.64378,34493,1,37,2221,205943
25,Indiana,City128,33.334365,-109.271511,81740,3,34,1657,291989
26,Arizona,City148,45.104784,-102.13326,36143,5,77,2208,289969
27,New York,City47,31.01668,-99.546947,56496,2,113,2873,268872
28,New Jersey,City86,43.521568,-118.842091,53831,1,44,1718,232004
29,Georgia,City95,42.008205,-82.566432,54719,8,82,876,347770
30,Missouri,City177,45.977674,-88.277103,68580,3,39,2216,355323
31,Tennessee,City154,37.822119,-103.532392,84694,7,21,2214,518087
32,North Carolina,City189,27.908708,-97.762832,47617,8,44,2611,470290
33,Georgia,City30,43.562145,-109.977337,55357,5,74,1542,291610
34,Washington,City156,39.895937,-89.265948,67865,4,44,1072,266307
35,Michigan,City77,33.598244,-99.963657,38567,6,105,2519,363811
36,California,City21,29.670063,-123.73043,70549,3,75,2748,333332
37,Maryland,City30,31.240034,-81.849828,68745,5,12,2408,393459
38,Indiana,City1,30.411319,-120.950879,86960,4,66,1962,359587
39,Florida,City32,47.169399,-80.669014,70015,3,81,1682,269797
40,Texas,City50,35.602368,-81.213404,97079,4,35,1844,411307
41,Maryland,City174,47.167505,-113.839605,69671,1,90,518,122036
42,Wisconsin,City106,45.423429,-118.678411,62458,5,34,2382,383926
43,Illinois,City191,28.360001,-112.077555,61759,7,42,2433,447415
44,Georgia,City178,33.101706,-75.635324,53128,7,94,2786,430499
45,Missouri,City23,37.906444,-77.720526,59792,7,63,2087,431601
46,Ohio,City95,36.370722,-86.101712,96949,2,42,1224,293694
47,Florida,City130,29.67255,-105.512732,95436,3,50,2142,383796
48,Pennsylvania,City150,45.586779,-115.388178,68260,7,79,2413,440817
49,Georgia,City60,39.067344,-103.515926,50405,7,116,1615,280159
50,Maryland,City48,26.660913,-99.590721,70877,3,37,2358,342161
51,Illinois,City138,43.92997,-103.911839,63329,3,58,1651,280445
52,Florida,City110,35.897499,-88.389983,50381,8,3,1845,485868
53,Washington,City167,27.79745,-90.326476,51407,3,71,1068,219384
54,Georgia,City147,27.082408,-72.185543,41694,6,23,2121,352925
55,California,City177,41.7845,-98.991785,52888,2,109,2676,244858
56,Washington,City57,28.624983,-77.29863,77524,8,77,2358,470712
57,Washington,City103,34.111263,-92.978459,56392,7,111,1228,318385
58,Wisconsin,City30,45.592928,-70.373293,81282,4,90,2124,324681
59,Virginia,City192,46.182286,-78.8501,68063,4,73,1601,282087
60,Massachusetts,City40,44.261719,-74.15423,75656,2,78,1670,234882
61,Arizona,City2,28.944119,-94.265648,49603,3,78,1693,244083
62,Indiana,City88,26.306489,-89.25807,69033,7,59,1464,367087
63,Maryland,City127,31.469833,-109.099361,24266,2,37,2332,224789
64,Ohio,City42,33.661263,-97.906982,60129,1,38,1346,174706
65,Wisconsin,City173,45.212016,-111.805151,92305,8,44,2230,562182
66,Texas,City126,31.641687,-74.880261,62492,5,112,2126,324654
67,Michigan,City55,43.030014,-112.947697,76283,2,76,2062,235260
68,Tennessee,City144,29.591151,-88.399609,60538,3,113,1934,212952
69,Texas,City58,43.407887,-71.358209,44559,7,56,1814,375002
70,Indiana,City53,25.570778,-78.110578,87155,1,66,3040,345539
71,New Jersey,City133,40.553524,-67.241214,58036,8,54,2181,414620
72,Missouri,City49,42.763715,-73.700821,65233,6,17,1221,400114
73,Pennsylvania,City56,36.424046,-90.713971,69993,7,80,1683,403573
74,Illinois,City50,38.733557,-97.299871,72789,6,78,2131,390606
75,Virginia,City65,42.008885,-68.801301,52818,3,51,1800,276654
76,Pennsylvania,City175,30.074639,-117.617751,66095,5,117,2512,345117
77,Arizona,City54,32.627116,-112.918362,46425,4,88,2346,265669
78,California,City95,25.875313,-120.003124,69853,7,7,2131,492618
79,New York,City71,33.928505,-70.777244,47657,5,93,1284,281491
80,Michigan,City199,31.007405,-113.411063,71007,5,34,1437,379083
81,Maryland,City41,43.568637,-108.04536,62764,4,1,2066,377253
82,Arizona,City189,48.436226,-67.08668,90520,2,28,2227,339611
83,California,City106,39.989259,-111.625004,72047,7,44,1743,422362
84,New York,City80,35.52518,-94.317066,31736,5,66,2189,276187
85,Georgia,City149,45.614533,-112.990756,88027,6,90,1923,383071
86,Arizona,City173,32.957806,-88.990001,55842,6,5,1658,386838
87,Maryland,City179,34.818579,-84.529512,75574,5,70,1987,388423
88,Washington,City102,45.575166,-83.339725,71446,7,40,423,378952
89,Florida,City11,38.396307,-74.578159,85770,8,96,1632,422760
90,Georgia,City177,44.737848,-92.072551,56141,8,110,2198,377913
91,Illinois,City31,34.219875,-96.48979,71299,6,97,2440,411019
92,Pennsylvania,City11,24.957262,-114.304326,74540,5,102,2233,346670
93,Ohio,City160,26.171763,-84.81184,74199,6,85,1885,362927
94,Washington,City163,27.814111,-72.378459,38502,3,108,2671,248243
95,Florida,City143,44.834437,-92.065207,28933,2,12,1056,193310
96,Ohio,City14,40.939149,-83.7882,69018,6,21,1614,406222
97,Tennessee,City30,29.100473,-112.624534,58379,6,26,2483,422240
98,Ohio,City169,41.714898,-111.042943,47771,8,72,1916,426913
99,New Jersey,City77,48.621692,-111.88325,43994,3,84,1790,217129
100,Missouri,City54,32.94561,-71.697309,53686,8,84,2575,465195
101,Georgia,City112,37.995466,-101.413778,69062,2,115,1812,237637
102,Massachusetts,City182,32.203924,-108.805592,65134,2,79,1652,228195
103,Virginia,City176,33.234163,-98.625002,80249,4,79,3189,460115
104,Massachusetts,City143,48.406831,-93.641903,42336,7,75,1975,378103
105,California,City173,26.200581,-77.390946,56725,1,4,2393,287693
106,Ohio,City29,36.953693,-70.586691,59271,1,27,2087,256898
107,New Jersey,City8,27.413141,-103.884125,59024,1,2,1193,234736
108,New York,City26,30.626024,-101.086084,51388,2,110,2064,173632
109,Pennsylvania,City138,45.446562,-112.19837,85391,5,104,1352,318637
110,Ohio,City11,35.967958,-85.353901,60469,2,10,1093,229953
111,Tennessee,City52,40.207301,-93.53075,44890,3,92,1450,230709
112,Wisconsin,City150,41.594806,-85.553743,69312,7,95,2206,428008
113,Tennessee,City99,40.138976,-97.852745,53218,7,36,2801,460303
114,Georgia,City156,33.474983,-121.762306,45419,8,98,2001,364794
115,Pennsylvania,City108,45.323498,-112.6393,54997,8,26,2694,503772
116,Virginia,City42,29.932418,-110.773393,97684,1,8,1799,319081
117,Wisconsin,City176,36.183738,-123.447943,33720,5,90,1664,247115
118,California,City197,36.638264,-96.15958,66003,5,103,2386,377257
119,New York,City151,28.440384,-85.396875,72587,6,11,2232,439969
120,Missouri,City18,33.539003,-108.097662,47958,2,120,2176,203341
121,Illinois,City99,40.865004,-108.342643,54841,2,21,1465,231446
122,Tennessee,City29,44.661801,-111.100284,83826,6,115,2709,439310
123,Georgia,City42,42.215956,-83.80914,76493,8,47,1232,423011
124,New Jersey,City96,31.051229,-104.122338,67727,1,116,1863,198588
125,Ohio,City32,43.069937,-75.871299,49787,8,45,1561,392763
126,Massachusetts,City150,46.101995,-71.731977,23283,3,20,892,197907
127,Maryland,City82,31.145867,-94.564718,68965,7,35,1848,472924
128,Arizona,City182,28.105069,-107.735444,34718,5,96,1274,228120
129,New York,City60,26.950483,-93.881006,40076,6,1,1729,388389
130,Arizona,City33,26.189963,-108.916196,55838,4,67,1870,300326
131,Arizona,City187,38.151134,-80.282709,60845,1,67,2740,263959
132,Arizona,City113,41.42126,-114.535696,71231,5,49,1833,365303
133,Texas,City14,30.538523,-104.736774,77438,6,108,968,326692
134,Arizona,City165,47.022609,-97.573805,82509,2,47,1578,275883
135,Tennessee,City177,34.934487,-93.694241,69025,3,61,2353,331774
136,Massachusetts,City73,45.356152,-120.474741,55229,1,19,1558,224456
137,California,City123,42.755218,-66.763443,78249,4,68,2638,385050
138,Pennsylvania,City127,42.043396,-114.914087,56350,1,84,1721,167786
139,New Jersey,City139,34.265716,-123.996899,60063,2,64,1582,211396
140,Michigan,City2,29.066707,-103.049426,98996,7,12,1653,516489
141,Massachusetts,City47,27.324838,-71.138591,59296,3,62,2037,280884
142,New York,City195,48.611328,-97.118427,72199,3,21,2131,344679
143,California,City116,36.640553,-112.08248,85635,3,100,2205,310033
144,Georgia,City149,39.811818,-108.309458,59404,6,47,2099,406751
145,Indiana,City12,43.753683,-68.547954,65891,6,8,2269,445270
146,Georgia,City36,46.241513,-113.077915,60624,4,32,2194,382213
147,Florida,City8,47.526409,-118.751019,55531,5,95,2392,347532
148,Washington,City20,34.618034,-93.082874,59546,2,1,1139,240381
149,Maryland,City91,35.154167,-74.124465,56208,2,78,2121,220838
150,Georgia,City7,31.069695,-93.659796,62246,5,103,1124,245920
151,Pennsylvania,City197,28.97437,-92.925838,89436,6,87,1693,432982
152,Michigan,City136,41.394619,-98.945751,64365,2,29,1292,274667
153,New Jersey,City87,31.666541,-114.566653,53989,1,76,2036,210968
154,Florida,City131,29.76977,-79.418064,49267,8,74,1371,389719
155,Missouri,City197,32.601633,-87.20275,58048,8,3,2845,544394
156,Wisconsin,City182,44.664126,-99.787128,77643,7,40,1775,463696
157,Washington,City44,27.709954,-76.700722,53157,1,2,1670,228564
158,Michigan,City83,37.531855,-68.477444,59620,8,69,1406,397136
159,New York,City98,30.929653,-89.783451,51661,2,36,1608,271831
160,Washington,City55,42.257834,-98.37618,38615,7,14,1688,411715
161,North Carolina,City192,41.759874,-82.087111,80343,7,115,1421,345629
162,Pennsylvania,City172,36.327722,-113.459386,80165,4,68,507,241144
163,Arizona,City193,30.602433,-71.758136,50363,4,7,2387,381533
164,Florida,City27,41.234745,-71.967088,63783,3,120,2112,257265
165,Virginia,City88,39.536211,-75.184073,77772,1,13,2973,359695
166,New Jersey,City66,38.20034,-84.821759,78850,2,92,1998,286390
167,Tennessee,City149,48.032384,-107.639391,31874,5,15,1399,335399
168,Wisconsin,City35,38.881562,-116.452797,55295,1,57,2194,215554
169,Florida,City111,29.352783,-87.009949,63874,1,60,2185,231235
170,Maryland,City105,36.834225,-90.803868,68852,5,117,1920,310034
171,Michigan,City11,28.669308,-85.539402,65532,1,100,2028,225951
172,Tennessee,City88,47.425249,-113.522539,58368,6,61,1007,321612
173,Indiana,City115,40.593162,-98.645614,30534,3,119,1745,180484
174,Arizona,City8,40.299613,-86.85276,32731,6,58,1597,286163
175,Florida,City97,45.283749,-107.458275,58890,5,46,2624,378411
176,California,City163,33.770089,-76.889439,59833,7,52,1950,433790
177,Florida,City200,42.697184,-68.301889,69957,4,42,1898,344056
178,Maryland,City19,39.400438,-74.893862,52345,1,79,1983,196664
179,North Carolina,City114,39.334383,-119.680416,55614,1,32,300,143351
180,Wisconsin,City27,29.44762,-76.838862,46396,2,72,1658,176701
181,Texas,City74,48.092041,-103.244256,44106,2,22,2672,276369
182,Ohio,City139,41.050529,-107.871942,60829,6,1,1066,339174
183,Michigan,City167,28.418186,-92.052951,50632,5,58,2227,369123
184,Wisconsin,City195,35.524739,-74.21375,64345,2,32,1832,311049
185,Florida,City8,41.04736,-86.12641,57977,5,13,1450,360144
186,Virginia,City105,38.411481,-73.815745,51246,1,65,830,134158
187,Virginia,City46,30.996201,-106.219849,18874,1,10,1291,161041
188,Indiana,City178,45.635249,-103.240831,51418,3,87,1292,213683
189,Indiana,City103,36.491198,-69.817191,60741,7,23,1053,365050
190,Illinois,City16,29.680523,-118.4783,70038,8,76,1820,419811
191,Pennsylvania,City5,32.599097,-82.014832,48965,7,14,2892,473042
192,Florida,City15,25.748253,-76.521343,44590,4,55,1609,325375
193,Michigan,City135,38.285018,-116.872593,73125,8,72,2221,465861
194,Ohio,City132,26.609992,-73.285483,68687,5,117,1659,316595
195,Maryland,City33,24.715603,-109.413194,63429,6,20,1892,404430
196,Virginia,City56,40.014313,-74.298013,60498,1,108,1650,176831
197,New Jersey,City65,39.922775,-67.192225,72187,1,74,2320,206435
198,Tennessee,City88,44.731901,-92.435317,66012,1,22,1754,231225
199,Tennessee,City154,31.536189,-75.588408,67451,3,59,1973,301456
200,Tennessee,City189,36.727911,-87.545241,50634,6,60,2209,375736
201,Texas,City161,45.684945,-77.996281,56821,1,16,1360,237620
202,Maryland,City155,26.60332,-121.029079,62202,5,44,1762,376393
203,Texas,City100,42.895737,-105.365467,52741,7,34,2679,459046
204,Ohio,City78,38.802365,-97.635937,65984,4,27,2350,371047
205,Indiana,City192,25.144985,-122.976142,62051,5,65,2370,360956
206,Ohio,City171,31.637597,-108.206969,59185,7,105,1500,295258
207,New York,City29,48.030464,-120.157152,57647,3,87,2235,257066
208,Ohio,City62,39.709562,-106.812407,75874,4,114,2218,311564
209,Texas,City70,33.395996,-82.454307,69501,7,19,1921,457547
210,Florida,City68,48.511599,-84.345529,50663,3,25,1531,273607
211,Indiana,City101,27.707685,-88.992247,42723,8,82,1828,416609
212,North Carolina,City180,31.914565,-95.870731,76297,5,57,1573,350709
213,Massachusetts,City162,35.577535,-111.758078,67639,5,41,1292,340618
214,Michigan,City64,42.654906,-75.917429,68284,4,14,1676,351885
215,Arizona,City82,24.504331,-102.732967,66793,8,53,2001,446960
216,California,City132,40.86854,-101.930728,57153,2,75,2070,265836
217,Maryland,City200,33.075567,-111.909536,64334,4,89,965,285974
218,Missouri,City50,33.011736,-109.131392,88986,1,28,2558,334779
219,North Carolina,City18,42.197778,-95.332411,49536,2,8,2018,316522
220,New Jersey,City58,46.087064,-82.856133,51275,7,93,2120,393279
221,New Jersey,City161,25.817783,-86.461377,57323,5,107,2143,328802
222,Tennessee,City88,26.364066,-76.624428,53145,8,35,2018,450079
223,Illinois,City33,34.001533,-112.552694,44013,2,47,1420,193881
224,Maryland,City62,45.416619,-117.340674,49842,2,44,1037,200385
225,Massachusetts,City166,43.235591,-95.280414,37382,1,83,1329,148372
226,Tennessee,City24,30.994872,-68.563319,56282,4,12,1678,372550
227,Washington,City177,25.669088,-76.224793,62740,3,37,1992,300669
228,Massachusetts,City153,41.601933,-97.57308,73769,6,25,2387,465798
229,Washington,City57,39.338918,-86.740477,62301,2,15,2061,312004
230,Arizona,City166,39.707882,-86.947233,81887,2,84,1467,268547
231,Illinois,City122,35.184302,-94.443285,60246,1,22,2385,310883
232,Texas,City43,45.399077,-103.713178,74382,2,5,1878,335197
233,Maryland,City84,26.379254,-78.177234,61155,7,54,1835,411124
234,Texas,City173,27.627585,-114.790855,50770,8,46,1873,423195
235,Missouri,City74,36.327639,-70.451117,68730,1,53,2882,299378
236,Maryland,City23,26.958454,-123.20353,72020,1,61,2330,288176
237,Wisconsin,City16,29.594916,-79.832204,63949,2,33,2197,314004
238,Florida,City97,38.258812,-110.710306,42038,5,99,1612,272523
239,California,City179,45.404244,-69.437612,48980,3,62,2674,319494
240,Michigan,City165,35.320603,-113.700224,47453,4,99,1653,255571
241,Ohio,City162,24.909742,-122.416461,57711,2,68,2461,289997
242,Tennessee,City182,38.20934,-118.068189,77593,4,5,1600,372025
243,Missouri,City140,27.663594,-92.917123,59523,4,18,2222,364969
244,Ohio,City88,39.541816,-118.876132,52041,4,32,1891,284916
245,Florida,City41,35.4114,-115.899625,58389,8,39,1596,442524
246,Illinois,City116,37.735117,-96.666666,74206,5,45,1543,349675
247,Wisconsin,City102,28.688967,-95.202867,54165,3,42,1796,286215
248,Pennsylvania,City20,34.333154,-71.92316,78202,3,59,1553,292933
249,Arizona,City182,29.136356,-71.273707,77904,2,52,1811,280267
250,North Carolina,City72,37.300292,-103.501943,33527,4,82,1888,252961
251,Maryland,City116,39.286133,-112.399744,68415,6,95,1354,318883
252,Maryland,City186,38.621002,-96.894152,73068,1,107,2489,257437
253,Missouri,City155,30.22655,-86.375577,75183,8,79,2357,487433
254,Florida,City46,40.516062,-84.895757,28791,8,35,2042,402158
255,Arizona,City186,30.662645,-87.179561,47348,3,101,1829,235947
256,New York,City1,44.523331,-114.022694,47215,3,58,2332,286646
257,Washington,City87,28.842982,-75.533804,51879,7,119,1720,327030
258,New York,City18,38.641785,-115.766028,48403,6,41,2228,396162
259,Michigan,City17,38.442526,-82.087307,72668,1,89,2601,283991
260,Missouri,City78,39.9226,-86.136374,50896,5,110,1713,277882
261,Virginia,City89,48.237565,-122.467114,76176,8,40,1433,459762
262,Virginia,City20,29.620154,-116.929401,61716,1,25,2223,288295
263,Georgia,City111,28.332057,-95.964573,60604,7,49,2005,454707
264,North Carolina,City32,41.528568,-104.390256,38625,1,89,1675,152988
265,Massachusetts,City66,46.036348,-106.576492,52311,2,14,1866,270067
266,Ohio,City144,43.558528,-92.941837,54128,8,36,2252,480126
267,Michigan,City135,41.656329,-118.008348,54582,5,64,2597,383481
268,Ohio,City119,40.465149,-73.717486,62069,8,66,1923,442524
269,North Carolina,City135,30.631112,-82.861098,82899,5,10,1471,394561
270,Virginia,City3,47.626846,-110.859563,85582,4,51,1545,340451
271,North Carolina,City94,34.518804,-99.543933,62712,1,4,1333,238594
272,California,City186,26.333819,-69.218295,63799,6,119,2171,354765
273,Virginia,City25,37.072871,-92.740669,82086,2,78,2162,313139
274,Florida,City73,36.734534,-71.68788,62528,7,109,2247,405316
275,Missouri,City78,40.228364,-109.562785,57507,6,7,1929,403652
276,Massachusetts,City20,47.806126,-107.304798,44494,6,66,2384,411649
277,Massachusetts,City190,36.279953,-101.875516,51093,5,46,1630,349120
278,Missouri,City65,29.698417,-108.18314,37736,3,12,1893,273461
279,New York,City176,39.147471,-67.09756,64971,4,44,1987,331151
280,New Jersey,City49,27.918085,-70.377953,18253,5,55,1001,218482
281,Georgia,City166,26.044739,-76.064137,57194,8,25,425,372774
282,Florida,City116,34.595215,-100.401739,59034,2,57,2482,294104
283,Tennessee,City76,40.703863,-91.949695,77611,5,0,2846,474181
284,Texas,City41,30.580646,-92.752693,76160,7,55,1363,428870
285,Florida,City179,26.053429,-112.166957,84655,1,110,1821,216055
286,Georgia,City161,43.128434,-71.812425,58422,7,0,1905,456110
287,New York,City20,33.754965,-94.695328,70222,1,55,2207,269611
288,New Jersey,City76,30.121134,-118.889475,82759,1,94,2439,297414
289,New Jersey,City69,28.348795,-97.058567,39675,5,33,2014,332244
290,Illinois,City143,31.568435,-115.908711,67979,5,20,1867,400457
291,Florida,City199,40.641045,-102.731771,40274,6,5,1870,386899
292,Maryland,City46,38.798306,-117.300924,65546,4,8,2166,392110
293,Missouri,City118,39.006659,-79.743921,91441,5,50,1800,419678
294,Michigan,City47,37.053572,-85.460505,64677,6,64,2090,418389
295,Texas,City141,28.474083,-119.742936,77079,8,83,1798,453534
296,Washington,City17,44.388342,-83.507646,41351,1,97,2793,242894
297,Wisconsin,City64,41.904072,-97.113661,63285,4,24,1596,356037
298,Washington,City19,43.783241,-84.316886,30856,3,69,1782,187414
299,Wisconsin,City14,25.588543,-93.819558,76969,7,113,2108,372411
300,Texas,City140,31.505583,-94.445421,28498,5,30,2736,361942
301,Indiana,City52,33.245519,-96.861264,73315,7,5,1942,493652
302,Indiana,City13,39.961291,-118.025298,72195,1,78,2343,278810
303,Missouri,City185,32.374035,-122.819686,37866,4,12,1893,292377
304,Wisconsin,City118,42.951654,-75.628677,79154,4,89,1395,313371
305,Arizona,City107,40.236847,-117.155039,70476,2,76,2935,332529
306,Michigan,City152,48.398335,-118.212723,76808,5,5,1092,389583
307,Virginia,City69,46.96789,-104.912454,48526,4,70,643,230021
308,Wisconsin,City79,32.553542,-72.575641,62906,7,5,2403,483799
309,Tennessee,City115,48.399123,-97.764569,90930,4,25,2513,399900
310,Wisconsin,City119,36.572968,-112.778673,50474,6,15,2713,456547
311,Michigan,City46,39.787345,-78.115332,49163,5,89,1489,245188
312,Massachusetts,City177,42.340167,-97.617334,41286,8,51,2111,459842
313,Georgia,City3,39.024812,-75.518972,69109,8,115,2707,447640
314,North Carolina,City6,35.874269,-118.260322,80818,6,96,914,353862
315,Maryland,City117,47.510915,-117.112232,81322,7,5,1186,429861
316,Ohio,City21,48.526966,-93.180014,74551,2,72,2097,293130
317,Texas,City19,36.851217,-76.781997,67124,8,80,1875,460584
318,Missouri,City194,36.960875,-93.988018,73440,5,93,2134,370246
319,California,City187,29.876804,-79.760452,46054,6,64,1715,366233
320,Virginia,City127,28.052101,-75.639849,69015,7,29,1387,408089
321,Massachusetts,City75,46.692626,-123.799047,35031,2,113,823,90407
322,Indiana,City24,26.324827,-105.095823,73184,6,49,2431,396784
323,Missouri,City49,26.615886,-71.439969,64879,2,46,1794,318544
324,Illinois,City133,38.205113,-108.924958,64675,7,31,1120,388958
325,Missouri,City198,34.113877,-107.900086,64996,8,108,2099,400292
326,Virginia,City23,29.621399,-68.494333,61205,8,94,2172,433947
327,Indiana,City182,38.691541,-101.157063,44600,6,15,2069,407262
328,Massachusetts,City38,46.907984,-83.998536,54314,2,7,3426,371389
329,Virginia,City52,45.629584,-74.034967,49974,8,61,1645,360827
330,New Jersey,City38,39.603884,-102.983606,61486,7,114,1493,348820
331,Indiana,City187,36.407794,-76.649592,46121,1,62,1967,226851
332,North Carolina,City98,48.595183,-73.65357,61738,5,63,2155,375930
333,Georgia,City10,37.746541,-107.138632,33901,2,98,1649,148855
334,Ohio,City110,40.848255,-97.972768,45997,6,62,1542,341160
335,California,City98,45.987062,-97.159423,46400,2,120,1497,144736
336,Maryland,City18,26.359965,-115.042017,61059,7,114,1220,315265
337,Arizona,City197,45.245985,-90.387032,43721,2,77,1386,185092
338,Michigan,City155,32.230012,-76.748207,66135,3,29,2388,326221
339,Georgia,City28,44.963797,-99.246131,63210,2,55,330,158404
340,North Carolina,City128,48.419476,-103.248476,59919,8,91,669,327367
341,Maryland,City44,31.381863,-78.830635,54890,1,8,1791,269820
342,Pennsylvania,City70,33.735567,-91.472713,41888,2,102,1969,181494
343,Ohio,City198,26.115738,-91.977899,64954,4,77,2407,340140
344,Wisconsin,City63,27.90312,-68.089003,54163,1,19,1750,234502
345,Georgia,City148,40.899986,-84.035516,58801,7,86,2502,417866
346,Maryland,City70,28.441699,-97.176419,52882,8,10,1565,436653
347,North Carolina,City31,28.623879,-118.708234,52967,1,2,1847,228511
348,Ohio,City173,38.466785,-89.400147,45622,1,46,461,135135
349,Indiana,City69,43.342646,-122.751974,70050,6,32,1654,404832
350,Arizona,City104,33.09062,-104.022214,71674,2,47,1785,271387
351,Ohio,City83,46.907071,-96.036243,37571,1,56,2625,220809
352,Pennsylvania,City131,35.351367,-100.632856,58354,6,37,1681,376598
353,Illinois,City39,34.574618,-79.071544,79971,1,82,1752,229725
354,Massachusetts,City177,42.599617,-101.653668,66133,6,42,2001,410846
355,Georgia,City127,42.669146,-90.29312,60632,4,22,1384,314219
356,Florida,City108,37.743538,-85.094483,93709,4,93,1660,310451
357,Missouri,City120,30.845999,-86.553967,47961,2,114,2100,227055
358,Tennessee,City199,26.637132,-108.806949,51892,2,9,2140,289478
359,Indiana,City137,35.255227,-84.091625,69579,2,81,1369,244617
360,Ohio,City164,45.987208,-111.044422,74739,4,11,2258,388292
361,Ohio,City31,37.285014,-75.021273,72458,4,74,2773,401239
362,Pennsylvania,City111,44.287203,-83.905359,54161,6,59,2162,399510
363,Indiana,City20,45.519108,-80.617932,66946,7,54,2835,511919
364,Tennessee,City197,32.946089,-106.879495,52276,8,82,2105,403168
365,Pennsylvania,City79,39.462143,-73.388611,54440,4,74,1726,280841
366,California,City8,39.4312,-67.514934,63514,7,91,1684,378398
367,Michigan,City64,48.014397,-89.761447,85585,5,50,1695,370801
368,Indiana,City138,26.662481,-96.466191,74780,7,56,1609,401898
369,Pennsylvania,City82,26.557332,-67.50315,57378,2,112,1797,186894
370,Texas,City139,35.330052,-76.724464,59215,1,112,1642,163316
371,Michigan,City148,38.332875,-99.651786,60798,3,105,2164,288295
372,Indiana,City21,46.991348,-91.728363,47641,3,40,2163,287412
373,Texas,City135,38.798838,-75.638276,74240,7,79,1541,370151
374,Massachusetts,City130,28.526165,-119.98348,51711,8,66,2210,418256
375,Ohio,City65,46.412036,-90.035826,62204,3,66,1176,239084
376,Pennsylvania,City68,26.620488,-97.110814,63766,4,11,1644,366691
377,New York,City148,35.019443,-76.530317,53479,3,19,707,238500
378,Virginia,City180,47.904594,-116.519511,68884,8,39,1746,471529
379,Florida,City149,38.188175,-108.161818,64389,2,49,3174,355449
380,Tennessee,City39,40.014576,-91.035859,54680,7,60,2471,414670
381,Massachusetts,City142,38.14322,-74.33618,43332,4,49,1576,232439
382,Washington,City101,31.250306,-108.667692,73776,7,91,1747,410024
383,North Carolina,City52,38.855478,-90.335341,79740,8,25,2583,584005
384,Maryland,City152,46.867502,-85.756942,30646,5,104,1309,256696
385,Ohio,City138,48.090178,-98.882089,54867,1,93,1892,195235
386,Florida,City146,42.616221,-105.583456,42211,5,115,2555,319441
387,Pennsylvania,City173,25.257834,-74.952768,68440,8,40,2036,509630
388,Georgia,City165,37.338173,-88.320691,53048,6,101,3922,459924
389,Illinois,City47,45.304875,-93.623739,61915,7,0,1640,459935
390,Indiana,City182,36.08946,-117.629838,55469,2,55,2628,283641
391,New Jersey,City99,32.092427,-96.293366,57219,1,22,1854,245134
392,Michigan,City121,44.326649,-67.941285,27560,6,31,2325,359906
393,Wisconsin,City193,34.377268,-67.2759,43068,2,63,2080,226855
394,Arizona,City187,39.685181,-95.110669,46068,5,120,1525,259194
395,Maryland,City35,44.076325,-67.304911,44657,3,50,2185,304044
396,Michigan,City171,31.466447,-82.164235,49234,6,62,477,273473
397,Massachusetts,City61,45.748611,-93.259725,70844,5,74,1251,303334
398,Virginia,City1,39.829302,-120.099049,29647,1,32,1946,177205
399,Ohio,City4,24.804063,-82.780675,54920,7,91,1672,338834
400,Arizona,City188,42.78335,-95.783174,66162,4,38,1930,372312
401,Florida,City98,41.309984,-78.319671,44746,5,36,1601,311157
402,North Carolina,City187,38.1148,-85.223739,47260,6,111,2068,290969
403,Maryland,City26,43.964225,-73.397442,82532,7,76,883,385055
404,Washington,City99,36.306033,-71.643508,60513,2,23,566,170215
405,Georgia,City41,25.845973,-69.299637,66219,7,66,1632,382034
406,New Jersey,City117,34.521622,-114.336531,58547,5,107,433,226964
407,Massachusetts,City43,37.586999,-87.010201,46183,5,19,1686,350351
408,Texas,City55,29.219534,-121.613715,42004,7,46,1657,379295
409,North Carolina,City106,34.148982,-77.644473,31353,7,104,1367,281274
410,Maryland,City129,29.243292,-115.287525,92058,6,35,1447,443978
411,Massachusetts,City135,35.893093,-74.107582,108484,1,64,960,259503
412,North Carolina,City113,33.706842,-69.131387,64821,7,107,2100,391377
413,Tennessee,City64,37.781056,-81.344966,59105,8,101,2728,440289
414,New Jersey,City116,45.063379,-98.702383,78054,3,75,1683,321467
415,Arizona,City189,38.304306,-93.564953,26315,1,27,1765,219048
416,Massachusetts,City158,29.842126,-80.600266,55403,2,92,2190,213093
417,Texas,City62,31.522516,-119.884335,58492,6,99,888,281720
418,California,City127,30.236138,-83.286388,63721,6,49,2345,451367
419,Washington,City124,24.971204,-79.280446,80631,2,113,2012,280069
420,Illinois,City82,47.409662,-77.151394,41727,3,112,1388,186255
421,New York,City128,44.939728,-71.375492,44858,4,116,619,160837
422,Indiana,City26,27.406753,-121.434094,72753,2,98,1653,207777
423,Tennessee,City200,23.916566,-120.073891,76710,8,24,2008,532049
424,North Carolina,City192,26.228409,-71.905498,59834,5,88,1542,255028
425,North Carolina,City91,41.74572,-95.186247,49117,7,48,1920,403935
426,Wisconsin,City67,29.117734,-106.576342,60507,3,80,3053,374519
427,Illinois,City66,45.265853,-99.080539,32090,6,113,1691,268033
428,Illinois,City81,38.461637,-108.411818,58140,2,11,1894,323515
429,Texas,City107,46.94898,-105.101152,57465,5,38,1029,306309
430,Texas,City27,34.480959,-112.981581,45001,4,104,2225,273181
431,New York,City115,35.144217,-104.458752,72692,1,42,1888,292781
432,Missouri,City32,30.495032,-117.924406,27097,7,54,1198,327904
433,Texas,City92,29.277652,-69.499768,57016,7,42,2161,407630
434,Georgia,City103,32.005728,-105.960638,80518,1,96,887,163738
435,Arizona,City77,28.121742,-109.941373,68549,3,1,2453,372830
436,Texas,City193,46.521096,-112.089054,79280,7,7,2295,528469
437,Maryland,City138,41.617131,-119.226473,74323,3,64,2384,323465
438,Missouri,City88,42.380612,-117.156536,35389,6,3,2211,396474
439,New Jersey,City13,37.219128,-97.934626,45262,8,63,1137,374965
440,Virginia,City163,34.639701,-82.112282,75831,6,5,1852,459222
441,Maryland,City10,32.509497,-90.151441,64169,1,119,1313,157910
442,Virginia,City14,48.591228,-115.330428,68455,4,78,2579,368214
443,North Carolina,City30,38.658597,-78.750145,46939,3,58,2372,287303
444,Massachusetts,City67,37.501575,-84.40396,42931,7,117,1157,235877
445,Washington,City31,30.495545,-117.097173,71529,5,3,2292,435769
446,North Carolina,City72,46.165595,-123.349263,75523,8,37,2740,514799
447,Pennsylvania,City179,31.36935,-107.042702,44592,1,97,1306,125941
448,Missouri,City184,42.049105,-77.183192,39396,4,73,2432,320358
449,Pennsylvania,City67,47.345936,-112.761452,55954,4,66,1626,302154
450,Ohio,City138,41.145427,-101.975332,53670,1,102,1814,153004
451,Massachusetts,City32,32.641184,-75.962604,61289,6,33,1557,366466
452,Tennessee,City91,31.078029,-103.544951,70187,4,77,1487,249714
453,Washington,City192,37.16647,-98.329087,59083,2,45,1825,269426
454,Tennessee,City20,28.406466,-111.499835,63096,6,12,1466,389261
455,Virginia,City21,40.944561,-100.922231,37248,8,117,2345,401255
456,Indiana,City154,34.656119,-122.203131,67855,3,96,1303,222860
457,New York,City52,47.826652,-104.947177,70477,8,55,1503,412771
458,Florida,City171,32.288716,-93.017607,64312,7,51,1863,374710
459,Missouri,City156,41.841292,-80.892594,51667,6,102,1507,273959
460,Georgia,City62,47.587559,-78.660592,60432,3,23,1500,320917
461,Missouri,City58,46.083791,-93.961803,74500,6,96,2701,409236
462,Illinois,City62,44.693691,-101.999223,33348,7,87,1696,321807
463,Michigan,City191,34.122429,-106.629068,55934,2,60,1919,251796
464,Wisconsin,City161,32.653689,-75.980446,51347,2,49,2152,261028
465,New York,City77,28.834854,-113.337867,66278,5,29,910,335683
466,Ohio,City26,35.891492,-104.764316,52866,1,100,2736,251737
467,New York,City67,35.099778,-119.093633,52575,6,71,2178,354035
468,Indiana,City77,38.27827,-68.321692,58870,2,34,988,209592
469,New York,City192,33.882572,-109.84844,67892,5,7,2225,452139
470,New Jersey,City6,34.820045,-71.781666,82265,7,115,2186,441557
471,Massachusetts,City177,38.138998,-113.393265,70516,8,68,1414,428778
472,Wisconsin,City90,42.44569,-83.384365,27210,8,112,1852,333857
473,Arizona,City103,42.441486,-105.430887,74550,4,27,1566,331276
474,Texas,City160,30.031472,-69.180763,71616,4,22,2030,378354
475,Missouri,City11,44.104382,-119.437199,53120,1,38,2777,276292
476,Arizona,City147,42.188251,-84.116747,73328,6,6,1822,431318
477,Arizona,City130,47.682534,-97.020015,31766,4,66,1951,276602
478,New York,City33,33.006229,-80.841573,52508,3,21,1493,271587
479,Missouri,City167,35.237939,-74.764851,59720,5,50,1898,379900
480,Georgia,City124,31.226787,-91.75957,31350,7,103,1803,319346
481,Indiana,City75,38.06562,-86.749766,51189,6,103,1881,330208
482,Maryland,City137,29.692028,-104.736038,62008,2,99,2884,300468
483,Indiana,City111,39.618747,-77.329242,51429,6,15,1496,362090
484,Illinois,City100,40.682042,-87.33263,52462,3,24,2520,337344
485,Georgia,City137,29.169605,-68.341991,59094,1,30,1154,171221
486,Washington,City179,39.121024,-91.599009,70533,8,86,1606,394341
487,Illinois,City163,38.27614,-109.606684,49921,2,82,1689,200290
488,Illinois,City157,40.87858,-68.213492,83439,3,94,1241,278617
489,Illinois,City52,27.308015,-80.036483,58346,4,93,1263,261048
490,Tennessee,City56,38.303829,-97.489706,53671,1,67,1485,133233
491,Washington,City128,46.119217,-120.837039,55265,7,61,2426,387545
492,North Carolina,City55,27.028411,-70.203725,70504,4,116,2390,302594
493,New Jersey,City135,31.078137,-112.789294,71815,6,5,1526,378351
494,Washington,City99,34.678805,-84.544505,90243,6,97,2551,449085
495,California,City110,35.869127,-90.163579,69578,4,76,1575,316378
496,Indiana,City150,47.117344,-86.583247,19797,8,110,1304,293815
497,Tennessee,City29,35.132134,-120.639507,79515,1,58,1934,271429
498,New Jersey,City76,26.153255,-106.292166,36516,5,119,2524,315153
499,Indiana,City143,47.768697,-103.847126,44346,3,15,2239,297599
500,Arizona,City118,41.711697,-122.060635,84092,3,26,2052,361742
501,North Carolina,City116,25.832274,-93.875603,68221,4,99,2173,323816
502,Arizona,City123,43.720231,-118.736667,52814,6,5,1033,349150
503,Virginia,City185,30.714511,-119.774491,63707,6,36,2218,400777
504,Texas,City35,32.113066,-118.471637,53435,4,83,1590,306510
505,Arizona,City191,36.311537,-101.180611,31776,3,42,1918,255135
506,Washington,City56,40.449775,-105.120127,46155,8,41,2469,432940
507,New Jersey,City97,49.206472,-74.285695,35717,1,75,2180,192053
508,Florida,City163,40.916458,-104.714658,58835,5,18,2064,424200
509,Pennsylvania,City21,35.028566,-118.190904,37276,2,3,1902,247407
510,Virginia,City99,27.877359,-122.926116,61175,7,85,2454,417252
511,Pennsylvania,City184,42.373577,-113.474532,41419,6,72,1325,307517
512,Washington,City29,25.903038,-100.828458,53044,6,109,1689,279483
513,Tennessee,City62,32.831013,-95.63349,51402,6,22,1772,366293
514,New Jersey,City181,47.608317,-111.147076,60294,5,48,2239,372406
515,Ohio,City171,32.559428,-88.313009,57551,5,77,2159,323693
516,Georgia,City127,39.225115,-80.697453,70791,4,110,2257,333306
517,Michigan,City164,29.829704,-88.24684,83550,2,4,1034,264389
518,Tennessee,City28,34.065452,-107.84723,68888,7,105,1723,360667
519,Wisconsin,City149,46.523108,-87.415216,47016,2,25,2661,326075
520,Maryland,City106,25.363666,-120.676575,63471,5,112,831,231185
521,Illinois,City168,35.536301,-111.378572,55551,3,118,1836,220004
522,Illinois,City60,30.549619,-117.054133,66751,2,116,2312,243297
523,Washington,City146,44.290395,-87.296168,39873,5,107,1733,262825
524,Michigan,City28,36.397073,-109.832085,48653,8,20,2539,467895
525,Tennessee,City182,33.579606,-103.097341,74784,8,114,1560,410385
526,Pennsylvania,City83,41.552672,-101.884108,52281,1,61,1700,200291
527,Indiana,City126,35.571685,-101.167936,69685,7,53,1712,434351
528,Wisconsin,City173,47.535027,-73.013289,86826,3,93,1489,307005
529,Texas,City43,25.322529,-69.31673,40879,3,114,484,112780
530,Wisconsin,City190,36.163429,-95.633685,51016,6,51,2312,377959
531,Washington,City148,42.89062,-111.281687,45976,4,39,2444,357059
532,Virginia,City110,46.815602,-88.738436,58665,7,84,435,275677
533,Missouri,City103,25.753198,-118.029001,60341,4,115,1553,256301
534,California,City84,35.183714,-91.869955,54344,8,109,2041,398633
535,Indiana,City46,30.76714,-85.352716,78062,5,52,2965,456128
536,Virginia,City53,32.976807,-108.839366,67230,8,20,2188,490497
537,Georgia,City140,27.62925,-70.248906,47421,3,82,1921,227715
538,California,City75,46.712206,-76.085604,66489,2,109,2236,249500
539,New Jersey,City23,27.478712,-78.344354,59703,1,1,836,231270
540,Michigan,City59,43.211465,-113.318815,65456,5,68,1685,336105
541,Washington,City73,36.043421,-108.522154,70515,6,104,567,255786
542,Florida,City121,48.220876,-70.208686,53998,2,6,1668,249798
543,Missouri,City156,40.398776,-87.149822,45317,7,62,2775,411909
544,California,City106,43.226894,-116.370651,66036,8,107,1143,353621
545,New Jersey,City1,33.756161,-97.697688,73496,5,31,3156,481856
546,Illinois,City11,42.711472,-98.925812,71040,7,31,2281,448101
547,Wisconsin,City23,44.165635,-112.591902,64530,8,89,1716,415723
548,Wisconsin,City177,29.924848,-120.979415,46540,5,66,1233,283011
549,Illinois,City146,44.645373,-77.422413,39720,7,105,1496,329961
550,Pennsylvania,City107,37.598567,-112.544886,45825,8,21,1439,420885
551,Texas,City91,30.310648,-88.573165,63819,2,52,1568,254486
552,New York,City139,47.969447,-110.760586,57469,5,77,1563,316544
553,Pennsylvania,City49,32.786916,-106.583125,60724,1,89,1328,171949
554,Wisconsin,City23,44.371264,-110.409767,69833,8,94,1777,436930
555,New Jersey,City87,28.001214,-111.668167,51483,8,115,1925,398417
556,New York,City23,39.02948,-116.843429,49977,6,114,1778,276326
557,Virginia,City97,35.343158,-83.193535,82867,1,21,1118,245516
558,Pennsylvania,City187,28.950667,-93.015989,75156,7,59,1620,401260
559,Pennsylvania,City90,37.780883,-113.278459,73247,3,31,1796,316413
560,Illinois,City128,40.173392,-80.383953,53678,2,87,2488,275346
561,Texas,City111,26.578592,-101.620311,41872,5,7,1235,277682
562,Florida,City35,45.219881,-87.479403,47416,8,26,2535,479270
563,Texas,City176,27.658429,-95.038133,71850,7,57,1459,416176
564,Texas,City51,43.498756,-109.146718,76007,4,41,2395,386748
565,Texas,City191,28.758396,-118.477827,51926,4,14,1607,296013
566,Pennsylvania,City192,41.001136,-115.3729,60461,6,89,2485,396759
567,Arizona,City60,48.42577,-107.996029,63266,2,4,2418,344358
568,Missouri,City16,38.2554,-80.774047,39018,1,85,1985,180005
569,Illinois,City151,44.867735,-86.604628,49621,2,59,2738,287487
570,California,City54,29.376259,-78.900702,60843,1,120,1318,125615
571,Virginia,City6,47.870121,-88.625933,47006,5,120,1968,279563
572,Texas,City11,40.198848,-112.575555,57694,5,20,2555,416381
573,Georgia,City55,43.618875,-105.554745,68097,5,18,1859,402701
574,Ohio,City187,39.01166,-93.029003,69375,2,79,1147,229730
575,New Jersey,City86,44.70136,-85.154984,58946,1,13,1939,216809
576,North Carolina,City69,29.377767,-111.833887,52279,7,56,2618,441657
577,Pennsylvania,City174,48.383559,-77.582501,40011,5,78,2298,313830
578,Indiana,City78,33.041782,-103.985302,44680,3,4,3165,336250
579,Pennsylvania,City53,42.208143,-71.2176,62130,7,0,1357,427256
580,Massachusetts,City17,40.539522,-85.452798,71328,6,83,466,310866
581,Washington,City137,27.479742,-110.638575,62826,6,83,2452,379647
582,North Carolina,City183,26.615966,-81.305059,34773,2,15,1741,193839
583,Indiana,City97,45.885849,-103.556724,52471,7,18,1951,399990
584,Pennsylvania,City121,36.795548,-72.756327,75789,7,2,1732,482204
585,Georgia,City58,35.70443,-90.033707,53406,5,120,1399,267466
586,Pennsylvania,City151,33.680195,-118.287996,80877,7,93,1655,384022
587,New Jersey,City44,42.627407,-87.275705,37600,3,110,2431,280296
588,Michigan,City101,27.587243,-109.333872,72906,5,33,2802,439663
589,Ohio,City147,31.945041,-75.262075,49005,8,23,1327,379638
590,Massachusetts,City46,44.372345,-86.814551,73025,3,91,1813,272722
591,Indiana,City119,32.338346,-95.107661,74894,8,85,1942,432678
592,Michigan,City179,39.066149,-120.724859,55592,5,23,1899,350704
593,Georgia,City130,29.35612,-87.000894,62111,6,1,2741,485491
594,Michigan,City69,33.656293,-89.370881,100994,5,92,1647,374014
595,Arizona,City139,39.480335,-71.201542,46108,6,2,1134,364023
596,Virginia,City84,34.208839,-82.445958,43650,1,53,1485,195848
597,New Jersey,City54,30.060317,-88.572458,57844,2,78,2301,279841
598,California,City55,41.18061,-90.828966,25413,8,115,1938,302499
599,Florida,City98,39.557436,-113.578034,63981,4,65,442,219622
600,Wisconsin,City68,40.5542,-90.048134,56609,8,16,2328,457779
601,Illinois,City199,28.777782,-98.783476,64448,1,68,1453,190805
602,Illinois,City107,27.548256,-111.46899,96492,6,0,1504,473274
603,Maryland,City159,28.868959,-85.511175,53647,6,96,1997,343673
604,Missouri,City18,38.184479,-86.83121,55303,4,116,1608,239264
605,Massachusetts,City20,33.268642,-76.005576,44996,6,98,1194,310776
606,New Jersey,City135,41.660545,-114.241883,53969,1,96,2167,198802
607,Michigan,City67,44.564416,-121.931172,73830,2,43,1873,296577
608,Arizona,City173,35.025386,-108.821711,58849,4,119,810,213523
609,Virginia,City2,28.098919,-103.451031,71292,4,54,2168,341659
610,Indiana,City2,41.672902,-69.066052,48110,6,26,1921,381724
611,Illinois,City127,38.585683,-101.347983,47022,2,14,2434,327490
612,Texas,City80,34.840336,-109.577414,68823,5,114,635,243763
613,Washington,City122,46.381742,-89.127451,33797,6,55,2292,351301
614,New York,City164,39.0155,-99.383929,21756,4,33,1438,228279
615,California,City99,44.54752,-108.689634,81739,7,13,1082,458840
616,Georgia,City117,33.702484,-81.583682,22723,6,28,1757,296388
617,North Carolina,City125,39.570852,-79.416632,93880,2,111,2258,318868
618,Wisconsin,City12,33.156749,-119.08091,65291,3,55,1371,249469
619,Pennsylvania,City12,36.756973,-74.6479,44330,6,59,1489,290773
620,Maryland,City39,32.213159,-71.017293,49518,1,23,2199,317983
621,North Carolina,City96,43.251985,-79.65668,44037,7,60,1318,338218
622,New Jersey,City50,27.368012,-97.731044,74268,2,107,2671,266182
623,Virginia,City7,37.730075,-107.558697,73248,5,25,2811,457542
624,Tennessee,City135,47.40326,-69.182273,48951,4,63,1753,276227
625,New York,City15,39.467195,-119.711827,76019,1,42,1902,259672
626,Texas,City158,42.080212,-105.316152,55940,2,88,937,228102
627,Tennessee,City71,48.767348,-103.203192,60730,8,41,831,425161
628,Washington,City170,37.255315,-77.084009,52660,3,55,2820,348793
629,Indiana,City27,45.620463,-121.962774,35786,8,32,2404,422712
630,Virginia,City89,34.286149,-68.717394,76021,4,41,753,272109
631,New York,City116,39.498897,-120.087663,81491,6,24,1860,417097
632,Illinois,City59,25.570764,-123.470946,62696,6,6,2577,448865
633,Texas,City124,31.602111,-118.704128,39671,7,74,2145,388034
634,Wisconsin,City47,48.067616,-73.022505,77161,4,100,2202,320842
635,Tennessee,City55,48.619669,-96.66623,64841,1,98,1918,203752
636,Florida,City81,40.043004,-82.254378,46874,2,35,2130,257190
637,Texas,City62,28.245953,-67.665613,61604,8,35,1521,409613
638,Wisconsin,City58,34.130194,-105.654089,40632,1,104,1961,133346
639,Missouri,City119,41.668174,-114.102481,52688,5,96,663,201332
640,Ohio,City141,36.924818,-102.08359,62474,3,5,1367,330552
641,Texas,City135,31.797915,-121.393595,49606,5,56,3027,400983
642,Indiana,City35,43.299178,-100.21401,87419,5,37,2216,442160
643,Tennessee,City158,36.662423,-114.138329,58646,1,115,2630,194926
644,Michigan,City139,42.336739,-92.792265,42008,4,88,831,191640
645,Massachusetts,City10,49.780661,-113.79922,39189,2,22,1669,248194
646,Missouri,City59,47.699677,-102.713588,46805,5,13,1735,317143
647,Pennsylvania,City95,25.809057,-104.697937,91680,7,103,1190,361576
648,Massachusetts,City68,45.624442,-109.069204,61332,2,0,1597,273479
649,Pennsylvania,City44,47.093569,-87.297219,50586,3,11,2204,306912
650,Texas,City81,32.029075,-79.460868,36372,1,89,1691,146283
651,New York,City28,45.681984,-121.332913,37121,8,46,727,331270
652,Texas,City144,37.25289,-88.897627,71302,8,120,1447,378629
653,Wisconsin,City200,33.594245,-102.507953,51932,8,108,719,325980
654,Massachusetts,City108,47.975034,-114.752927,65390,6,70,2911,405552
655,Wisconsin,City10,27.541251,-117.065128,81486,8,24,979,483066
656,Washington,City143,27.569116,-77.220209,53531,4,65,515,251553
657,Florida,City52,35.642926,-96.028508,81979,2,94,832,200247
658,Maryland,City39,40.50502,-86.507477,52387,2,75,1361,199776
659,California,City101,34.11388,-109.54338,46076,8,75,2445,437111
660,Indiana,City165,27.299476,-83.413229,65642,2,1,2042,287947
661,Arizona,City36,42.041501,-121.351551,71453,5,50,2416,420889
662,Maryland,City137,35.353428,-72.661466,62489,1,112,1510,176648
663,Missouri,City72,41.1872,-87.33186,56196,7,96,780,278005
664,Michigan,City162,43.10056,-73.036139,57502,8,105,1319,371315
665,Indiana,City23,42.013689,-91.012366,68893,5,112,2297,336807
666,New York,City153,41.354875,-90.552646,71496,2,6,2513,358579
667,Wisconsin,City121,42.608971,-109.786781,57805,3,106,1546,216815
668,Florida,City33,32.327719,-98.045087,54042,4,86,1301,250090
669,Wisconsin,City19,42.141507,-91.51196,22587,8,20,2075,400973
670,Virginia,City112,29.016408,-97.848971,51811,4,104,1857,241750
671,Missouri,City176,42.637691,-109.52497,47915,8,29,1947,403699
672,Tennessee,City103,36.008446,-70.773248,63697,2,26,3002,380361
673,North Carolina,City71,28.113378,-117.739317,51733,6,100,2721,370601
674,Virginia,City20,33.231404,-98.482851,55421,5,24,2001,389590
675,Pennsylvania,City47,48.290184,-113.532553,103131,1,3,2057,344535
676,Wisconsin,City138,41.08107,-77.350505,58077,1,45,1838,208628
677,Wisconsin,City84,30.277524,-82.153423,53305,1,15,2885,298578
678,North Carolina,City53,41.227237,-113.247548,46176,8,34,1112,385350
679,New Jersey,City91,32.101789,-71.712395,52413,2,105,1738,168054
680,Tennessee,City146,44.098759,-83.321118,48593,3,118,1061,159833
681,Maryland,City49,42.196687,-79.841584,26277,5,34,630,265987
682,Pennsylvania,City24,38.015504,-107.100453,45907,3,26,1785,259955
683,Indiana,City38,38.665423,-91.57403,61317,2,25,1834,277810
684,North Carolina,City61,34.960045,-72.655289,57126,2,41,2013,256685
685,Virginia,City24,28.632406,-66.790053,70364,1,26,1899,286868
686,Florida,City194,38.938236,-86.047921,51823,4,50,2491,347619
687,Texas,City71,46.763644,-116.612519,77060,4,112,1380,279717
688,Arizona,City4,45.47107,-109.867821,35718,2,98,1324,149505
689,Maryland,City167,26.432588,-90.234034,78022,6,14,1296,435495
690,Indiana,City199,34.188969,-95.667054,60922,5,53,1963,346797
691,Georgia,City87,31.460176,-113.860101,62153,6,120,1473,317883
692,Wisconsin,City132,42.248657,-103.005848,73652,6,26,1317,412501
693,Massachusetts,City129,25.425312,-92.563138,76518,6,2,947,414475
694,Tennessee,City17,28.462556,-100.392836,49910,7,9,1548,391856
695,New York,City156,33.759792,-89.884619,47801,2,90,2477,257861
696,Pennsylvania,City53,45.70365,-87.32757,60837,2,11,2647,380012
697,Arizona,City125,48.189642,-111.012999,47041,1,106,1889,124134
698,Arizona,City61,44.278627,-119.983472,60705,3,119,1220,202655
699,Georgia,City5,42.330117,-111.354355,71667,2,91,1433,183172
700,New Jersey,City158,37.180376,-91.166155,84638,7,77,1142,403517
701,Virginia,City156,32.727507,-107.222708,64444,8,10,1531,448831
702,Tennessee,City10,31.376865,-100.674766,48509,2,118,1555,189233
703,Virginia,City123,37.11292,-120.739588,47990,6,69,1795,320404
704,Tennessee,City164,45.444378,-97.747437,46871,7,7,878,320949
705,Pennsylvania,City73,26.369981,-122.218156,78857,6,68,1704,358025
706,Florida,City65,47.570453,-111.076987,74175,1,25,1137,248781
707,Florida,City69,26.653216,-100.573135,44261,5,115,2111,277932
708,Massachusetts,City91,30.366302,-69.254533,53902,6,64,1849,360259
709,Pennsylvania,City68,29.092874,-89.358202,53357,6,0,2444,478038
710,Tennessee,City72,34.478018,-122.584464,39660,1,117,1663,130932
711,Illinois,City132,28.202309,-106.599194,60466,6,56,1362,349400
712,New Jersey,City30,44.375867,-98.153471,38231,3,12,1293,276659
713,North Carolina,City16,26.777123,-86.347477,70202,3,98,1326,228768
714,Wisconsin,City76,47.717774,-75.548253,41306,4,81,1832,262670
715,Massachusetts,City109,37.759238,-72.614136,59502,5,106,1895,349148
716,Texas,City106,47.061988,-90.808616,76882,4,90,1426,335754
717,New York,City97,44.220238,-91.948735,57761,8,39,1378,401201
718,California,City82,47.889453,-72.572923,45186,4,85,1818,293314
719,Texas,City128,42.484171,-116.809281,55999,6,19,1513,340077
720,Indiana,City2,46.997928,-121.611038,89302,1,117,2464,229699
721,Maryland,City28,46.798131,-89.354251,55892,4,107,1796,219757
722,Maryland,City180,31.018555,-122.502833,84060,5,76,1817,406087
723,Ohio,City173,34.218704,-73.768726,55703,6,13,1154,358598
724,Washington,City6,42.141842,-72.035257,47671,7,58,1947,409694
725,Wisconsin,City68,45.81649,-87.080628,44340,5,42,765,282250
726,Florida,City190,38.671139,-81.273621,49454,4,120,3085,312464
727,Ohio,City182,34.406046,-113.96285,79004,4,43,1209,329071
728,Arizona,City82,34.728027,-98.658864,50185,4,59,1916,302918
729,Indiana,City148,47.426088,-120.155269,40836,8,44,2141,392535
730,Maryland,City72,43.36219,-115.269375,86263,7,95,1558,390289
731,Missouri,City94,27.338368,-104.039495,56899,5,50,3220,418797
732,New Jersey,City15,40.884321,-92.493623,73968,5,39,2420,426644
733,Florida,City103,43.571541,-85.223974,89040,6,32,1335,407609
734,Texas,City13,34.996668,-72.292874,62220,5,110,1703,286449
735,Michigan,City161,36.038349,-108.550481,73103,7,109,1450,349615
736,Tennessee,City81,35.949922,-123.087071,37484,5,120,1620,227200
737,Wisconsin,City30,46.78898,-105.710833,52931,5,26,1240,302390
738,Arizona,City127,47.221555,-100.663667,12154,6,3,2282,378524
739,Virginia,City69,25.723292,-91.357216,58247,4,68,1157,271932
740,New Jersey,City29,32.816753,-100.15504,52848,2,48,2012,253751
741,Indiana,City89,40.315405,-97.37998,70236,2,58,1254,256765
742,Missouri,City144,35.378135,-110.352093,35866,4,61,1697,246930
743,Michigan,City128,40.253422,-112.251462,48224,4,64,1541,282023
744,Ohio,City156,34.104153,-89.414607,65571,4,62,2251,317727
745,Tennessee,City7,39.653808,-98.424421,33894,1,72,1509,179312
746,North Carolina,City40,46.734264,-91.883567,35927,3,116,2305,203148
747,California,City112,34.581668,-68.471806,71532,7,31,1593,430573
748,New Jersey,City168,34.222262,-119.160164,66020,7,35,2129,447403
749,Florida,City35,36.352901,-91.059868,80347,6,63,1551,393464
750,North Carolina,City16,25.654733,-124.280769,48861,5,61,1189,262276
751,Tennessee,City39,32.442366,-71.400894,40016,7,119,3020,395377
752,Maryland,City168,42.67173,-107.198778,55320,7,32,1600,361100
753,Wisconsin,City87,41.974862,-122.574641,61739,5,100,946,237005
754,Arizona,City170,41.610099,-90.196241,33081,2,105,1654,136734
755,Georgia,City25,25.914384,-114.832162,67846,4,91,2821,384885
756,Tennessee,City39,36.353289,-90.565739,30293,1,23,1770,196047
757,Florida,City37,33.789555,-117.4098,64188,3,72,1155,197170
758,Washington,City167,34.394226,-119.98276,59571,5,8,2547,415014
759,Illinois,City137,41.330452,-114.473575,42638,7,14,687,318692
760,Indiana,City38,32.79644,-87.691259,71869,5,16,1783,374380
761,Missouri,City170,31.607551,-98.059541,76443,4,14,1236,323862
762,Washington,City108,30.396895,-108.1541,89533,7,8,1205,477062
763,California,City174,39.078681,-98.515921,64560,4,1,1318,311448
764,Georgia,City157,34.018839,-93.612565,38483,2,97,843,119721
765,New York,City63,26.075551,-116.970291,62800,4,89,1355,228559
766,Massachusetts,City190,28.915983,-117.174532,69059,3,84,1548,258964
767,Georgia,City19,28.528636,-89.076744,99059,8,107,2320,481370
768,Tennessee,City11,29.100433,-90.159863,64947,5,22,2377,409564
769,Wisconsin,City147,39.453946,-83.753766,49034,6,24,705,327618
770,Massachusetts,City101,33.279517,-84.686913,54345,5,57,1695,328369
771,Florida,City93,29.078762,-98.194584,61664,4,112,2458,315069
772,Michigan,City7,40.851221,-85.050756,70133,5,107,2195,350870
773,Virginia,City100,36.458777,-104.138234,66243,2,74,1196,202679
774,Pennsylvania,City84,36.677785,-73.412226,50722,5,75,1494,269718
775,Pennsylvania,City180,46.725024,-107.113359,56976,6,76,1276,294861
776,Wisconsin,City121,47.259442,-114.549648,55314,6,3,2136,453850
777,California,City160,31.23077,-98.139754,69972,4,29,2667,408644
778,Pennsylvania,City46,41.390194,-99.226314,54730,5,84,1381,284563
779,Texas,City32,44.434927,-91.873459,71032,7,110,2066,412932
780,Arizona,City136,44.535838,-69.635802,67111,2,75,3287,350173
781,Arizona,City71,37.136286,-108.302258,67650,6,0,1780,425511
782,Florida,City55,41.396411,-68.715669,66008,1,27,964,195199
783,Michigan,City34,41.041609,-111.140803,63442,7,13,3120,519935
784,Maryland,City96,30.890816,-74.540853,54947,6,11,1822,399580
785,Illinois,City13,42.577324,-87.409477,60247,6,112,2174,340331
786,Florida,City88,41.964161,-117.348261,28329,3,76,1324,187227
787,Illinois,City122,41.103626,-118.006658,52111,4,75,1665,257181
788,Massachusetts,City122,32.499038,-117.234429,34802,2,73,1548,185733
789,Ohio,City171,29.73545,-123.043597,76750,6,69,1803,370748
790,Illinois,City157,29.512509,-113.25799,75451,8,67,1736,426669
791,Arizona,City53,48.318587,-67.415454,56991,7,65,3380,496868
792,New York,City104,28.988197,-76.693493,42053,2,23,2273,304564
793,North Carolina,City68,48.243969,-112.407614,55352,1,34,1771,255490
794,Tennessee,City95,37.458962,-117.850927,65139,4,110,3161,372062
795,Virginia,City195,46.450857,-93.647165,71016,5,22,1566,349554
796,Maryland,City20,45.952877,-106.843602,75038,7,110,1544,391078
797,Missouri,City54,40.534574,-118.804801,57289,1,102,1118,134877
798,Illinois,City43,31.711854,-124.127562,40748,6,98,2548,309761
799,Indiana,City29,49.031921,-73.339637,90062,2,104,1582,242569
800,Missouri,City100,45.289626,-101.833572,71911,8,48,1378,423721
801,Michigan,City99,45.487326,-115.054432,85787,7,64,1355,426422
802,Maryland,City90,28.123107,-96.827429,77328,7,109,2040,373024
803,California,City66,46.087708,-90.200505,54838,6,86,1984,367595
804,Tennessee,City173,45.347442,-86.878641,51868,4,92,2006,274536
805,California,City186,27.855921,-115.096473,53028,4,99,1504,237167
806,New York,City122,41.685424,-94.54106,67661,8,81,1319,385991
807,Washington,City184,33.368363,-109.288145,56182,2,46,1853,268035
808,North Carolina,City118,43.98803,-97.350835,77529,7,22,1345,450998
809,Missouri,City182,43.468877,-75.478607,53776,8,98,2219,400340
810,Florida,City133,43.918683,-103.459922,42679,2,33,1939,253373
811,New York,City49,36.635159,-110.106464,71949,6,25,1430,407398
812,Indiana,City151,34.140854,-105.474168,54434,6,52,1533,377814
813,Florida,City175,41.30606,-107.984152,32417,7,108,1076,253277
814,Arizona,City186,47.33624,-123.567695,71335,8,119,2306,441801
815,Illinois,City69,43.11875,-78.010222,56736,2,31,1739,270090
816,Pennsylvania,City79,42.558779,-75.187792,74364,7,67,2206,433568
817,Florida,City42,28.290965,-113.33044,51859,8,62,943,363478
818,Maryland,City66,31.995801,-97.370358,82493,3,27,2364,381813
819,Tennessee,City50,35.431432,-80.060213,50176,1,95,2159,178026
820,California,City4,28.413325,-104.57197,59085,8,15,1678,433138
821,North Carolina,City149,46.652962,-85.950434,58695,4,35,2253,381362
822,Ohio,City26,39.17168,-121.924481,60293,5,52,1421,303803
823,Washington,City187,28.500707,-73.012373,55634,6,58,1536,325762
824,North Carolina,City177,40.138171,-113.70594,93435,4,34,1720,406533
825,Illinois,City107,44.249594,-74.309759,64352,8,53,1544,430846
826,Georgia,City142,35.749712,-78.905032,50016,5,17,1665,339756
827,Arizona,City4,48.885185,-80.979339,57582,4,116,1227,243413
828,Georgia,City67,36.890895,-111.043217,70552,5,38,1176,348938
829,Maryland,City43,28.580157,-111.894205,55610,8,51,2603,476278
830,Arizona,City141,40.767805,-95.979303,47172,1,83,1354,137346
831,Wisconsin,City27,38.335489,-108.069144,83706,4,89,2391,349399
832,Missouri,City126,41.946285,-91.053686,66139,4,17,2450,422024
833,Illinois,City76,29.554848,-123.302855,81732,4,7,2569,429030
834,Massachusetts,City169,49.73519,-80.219268,60044,8,16,2493,512252
835,Tennessee,City177,48.218403,-97.770349,53208,6,71,1285,325617
836,Wisconsin,City189,45.464948,-87.271043,93952,2,77,2529,389125
837,Washington,City162,27.343097,-105.749768,71600,4,94,2409,369976
838,Washington,City61,43.271263,-76.618132,81216,5,112,1964,339443
839,California,City170,38.893856,-70.647016,96410,7,110,1996,431472
840,Missouri,City127,33.23875,-86.289512,43668,1,112,1126,118803
841,Texas,City37,34.129067,-125.036384,53583,2,37,1704,255620
842,California,City34,27.987844,-86.702197,68554,7,110,1542,356251
843,Virginia,City186,46.662878,-67.656063,55555,4,100,2554,291079
844,New York,City53,35.398342,-110.198427,70323,6,16,1919,462378
845,Pennsylvania,City44,36.839353,-101.877728,65897,3,9,1235,320655
846,Georgia,City183,35.59625,-80.409246,44142,4,27,1637,254003
847,Indiana,City184,48.801555,-100.370168,81945,4,42,1762,353866
848,Arizona,City53,38.162546,-69.613533,38044,4,49,1959,346081
849,Tennessee,City132,37.404906,-91.396615,59144,8,37,1961,469550
850,Tennessee,City162,46.344744,-102.313682,67437,3,104,2106,268758
851,Missouri,City82,37.919738,-103.659965,66775,8,24,1787,502120
852,Texas,City4,31.632454,-79.615556,33663,7,110,2121,313357
853,Maryland,City29,27.406052,-113.331848,40931,3,118,1925,237524
854,Michigan,City104,27.688449,-116.062158,83251,4,115,2578,368265
855,Virginia,City118,31.343047,-67.570221,37285,1,120,2277,170558
856,Florida,City186,30.470738,-71.962314,55596,3,110,2225,271164
857,North Carolina,City176,45.477497,-88.681268,65731,8,38,1185,414847
858,Texas,City98,45.598386,-101.589233,96599,1,102,1483,251569
859,New Jersey,City45,36.68384,-110.727026,81570,6,114,2346,393189
860,Florida,City66,41.954352,-80.72163,74135,6,84,2697,428936
861,Georgia,City53,41.775,-108.379076,55133,5,49,1874,330899
862,Wisconsin,City18,38.555456,-91.327433,72324,6,76,1953,357276
863,Tennessee,City75,42.881229,-98.902428,73144,5,20,2637,456377
864,New Jersey,City122,42.789535,-71.703373,60021,8,65,2546,464407
865,California,City168,30.170383,-107.035111,35441,6,67,1436,304401
866,Pennsylvania,City134,46.225532,-77.49338,59650,2,60,1545,256939
867,Georgia,City194,39.851824,-93.704638,47854,6,102,2648,367320
868,North Carolina,City45,27.439789,-98.428414,70627,7,97,1902,376092
869,Missouri,City142,31.598462,-105.008384,27582,8,29,1364,385889
870,Georgia,City99,33.141193,-74.357082,38817,4,45,494,194873
871,Washington,City177,47.495591,-111.252411,44719,3,16,2230,313403
872,Maryland,City67,25.173314,-90.155664,69473,5,38,2231,424842
873,Indiana,City31,27.312065,-101.813838,51121,8,60,1222,345844
874,Massachusetts,City73,36.277678,-103.977616,50504,3,18,2304,327946
875,Arizona,City74,31.522153,-104.32259,54394,1,82,2353,234192
876,New York,City200,42.323482,-83.238862,51035,5,77,2239,350916
877,Virginia,City61,48.401484,-116.420084,41540,4,105,1825,230443
878,Maryland,City86,41.554897,-68.148458,56917,1,55,3141,326358
879,Michigan,City188,44.004429,-77.561146,50812,1,65,2402,227148
880,Pennsylvania,City49,44.695495,-98.018837,57033,8,120,549,315093
881,Ohio,City113,44.539429,-116.510708,44560,3,75,2306,250684
882,Wisconsin,City106,42.22895,-108.915885,62366,3,82,1801,275490
883,Arizona,City37,41.25205,-66.23927,65098,5,97,1333,264437
884,Missouri,City117,37.904521,-84.280923,57631,6,90,2535,375348
885,Indiana,City4,41.72938,-123.798336,65208,2,62,1209,240552
886,Wisconsin,City28,43.509921,-109.306566,64356,3,23,1731,275859
887,Missouri,City140,35.727941,-77.785375,58474,7,51,1779,424148
888,New Jersey,City125,34.870454,-106.878756,66879,5,59,1811,337270
889,Tennessee,City32,45.915245,-117.457897,75329,3,63,1455,314265
890,Wisconsin,City159,25.137926,-77.399155,80413,1,2,2245,324663
891,North Carolina,City88,35.641695,-75.959808,94528,6,47,1656,419771
892,Pennsylvania,City121,46.56909,-98.210173,40879,2,117,2344,165475
893,Illinois,City179,32.655226,-99.380038,62324,4,107,2303,321059
894,Michigan,City29,45.050981,-117.668395,57246,1,61,2231,245832
895,Tennessee,City96,29.160375,-79.344324,61553,8,4,2936,561809
896,Michigan,City79,46.974371,-111.26388,52967,1,104,2690,246909
897,Tennessee,City198,39.709059,-86.435599,66387,2,58,1589,240848
898,Pennsylvania,City21,46.113773,-113.794672,69053,3,57,3022,375540
899,Michigan,City48,48.72911,-78.446038,81048,7,44,1575,428382
900,Missouri,City74,26.937799,-92.89475,75558,4,7,2076,386455
901,Texas,City179,43.017678,-119.468162,48697,1,77,1109,131710
902,Massachusetts,City194,33.973824,-86.014036,75413,7,91,2675,462660
903,North Carolina,City9,32.619563,-72.632698,35627,7,120,1362,279616
904,Texas,City38,28.743965,-82.951762,94823,2,46,1749,343240
905,Michigan,City118,34.053656,-74.612282,44660,6,70,2388,360042
906,Virginia,City122,46.306868,-76.654698,73259,4,82,2107,344916
907,Georgia,City26,30.488834,-117.235829,68849,4,74,1558,295308
908,Indiana,City170,44.125071,-68.486426,52786,4,111,2816,332504
909,Indiana,City39,43.353891,-77.328454,51949,3,16,1753,301443
910,California,City145,41.366388,-84.485708,44185,6,88,1093,278633
911,Virginia,City92,28.236583,-117.711571,47323,7,36,1118,331821
912,Massachusetts,City19,35.205158,-93.982432,60430,8,117,1616,375534
913,Tennessee,City16,29.731169,-78.568974,90108,6,78,1408,370753
914,Arizona,City17,30.470323,-118.544096,58773,5,76,2207,387878
915,New Jersey,City193,25.07929,-74.625902,57767,5,59,1912,353095
916,Ohio,City110,41.477323,-77.288899,64007,4,3,1768,379167
917,Massachusetts,City179,33.31858,-104.012088,69594,7,66,1278,404849
918,Indiana,City105,39.583694,-101.41094,64741,2,52,2293,311487
919,New York,City72,34.579691,-73.369737,41556,7,119,300,257522
920,Missouri,City200,27.389235,-88.611706,46994,1,111,1846,155165
921,Texas,City21,32.342589,-119.038581,52046,8,112,3019,435644
922,New Jersey,City54,39.203915,-84.671497,58915,4,80,1166,216694
923,Washington,City138,30.768317,-68.341059,50562,8,71,2398,423682
924,Georgia,City100,29.173677,-75.431746,67979,7,70,817,339016
925,North Carolina,City101,27.382391,-118.712446,69624,1,19,2325,290572
926,New Jersey,City110,35.918615,-106.929263,82167,4,93,2402,375323
927,New York,City2,47.424419,-94.984453,64516,3,23,1852,322645
928,Arizona,City151,26.249258,-117.740947,51316,6,49,1412,317589
929,Massachusetts,City105,44.141875,-92.307051,75228,7,20,2943,514153
930,Florida,City157,31.576881,-93.497752,47295,6,89,1096,265609
931,Washington,City43,41.895125,-69.1965,41946,3,95,1863,204854
932,Florida,City124,28.607264,-114.984144,51941,8,14,2160,484485
933,Florida,City196,30.883138,-104.122198,93715,5,113,1715,356756
934,Indiana,City18,37.248214,-106.533607,48094,7,39,3180,491826
935,New Jersey,City143,41.709787,-81.552986,56538,2,98,2898,271500
936,New Jersey,City70,42.63665,-111.39371,76673,4,44,1935,356543
937,North Carolina,City96,40.54,-91.035088,45504,7,95,2186,391590
938,Texas,City173,31.434574,-71.31165,55863,5,86,2120,327274
939,Michigan,City52,44.879332,-93.388369,77953,4,44,1488,301473
940,California,City70,44.725038,-113.872573,62388,2,41,1433,265022
941,Missouri,City6,41.538226,-78.762016,89136,1,102,829,158218
942,Maryland,City107,25.818166,-79.113525,52244,4,18,2632,418387
943,Virginia,City74,28.49197,-124.017292,79392,1,113,2622,224118
944,Arizona,City116,41.568457,-110.984852,63204,6,35,2833,438784
945,Texas,City188,42.651642,-103.357028,48144,3,18,2025,306955
946,Indiana,City73,40.124692,-77.531605,59713,1,83,2254,243826
947,Texas,City43,45.027423,-119.564004,63954,7,97,2498,416867
948,New York,City118,37.32426,-100.067004,78470,2,0,1655,342669
949,Georgia,City161,29.202939,-117.545382,48627,5,10,2700,398841
950,North Carolina,City172,27.447743,-74.806308,43423,4,49,2050,283690
951,Massachusetts,City142,27.6238,-117.626933,78323,4,97,2543,345708
952,Michigan,City53,42.190658,-71.090412,72136,2,29,2007,339304
953,North Carolina,City170,49.178209,-93.835875,46455,3,17,1236,256216
954,Indiana,City1,45.488002,-117.06089,68833,8,55,2316,481265
955,Massachusetts,City169,30.001203,-94.318609,54896,5,83,1227,299971
956,California,City18,41.758922,-71.259481,63041,3,98,3297,349966
957,Florida,City12,32.191129,-101.837996,45358,1,35,1761,231442
958,New York,City129,42.662469,-78.69143,59241,1,92,1669,225114
959,Massachusetts,City6,32.718236,-88.304832,53610,4,59,2286,304142
960,Tennessee,City176,41.529624,-81.546959,93477,4,101,1880,345356
961,Missouri,City113,34.215524,-111.685011,52856,2,28,1790,229030
962,Ohio,City75,47.916282,-119.510163,29911,8,118,1693,369089
963,Indiana,City141,35.890033,-114.775455,66343,3,15,1912,341852
964,Virginia,City104,45.811689,-84.383262,77858,8,41,2136,474055
965,North Carolina,City155,36.892699,-69.85809,45834,1,17,1976,212189
966,Georgia,City73,34.550789,-91.928343,58837,8,52,2299,434877
967,New Jersey,City5,44.873097,-112.269708,77304,5,64,2804,453732
968,Massachusetts,City111,46.596425,-117.913015,48765,5,35,1622,351563
969,Massachusetts,City18,34.569119,-106.994433,77323,4,33,2413,360857
970,New York,City82,39.682464,-94.383353,80094,2,102,1000,218270
971,Ohio,City74,42.867673,-124.027432,57735,1,17,2182,250589
972,New Jersey,City41,29.944306,-122.655042,59373,8,32,1613,453913
973,Wisconsin,City57,30.973423,-87.620988,75878,3,108,1212,219045
974,Tennessee,City75,31.42689,-97.494048,56679,1,115,1466,158235
975,Arizona,City130,42.673891,-74.946924,40061,4,64,1505,255921
976,Illinois,City10,32.412668,-108.539495,54250,4,94,1459,292154
977,Maryland,City23,45.956488,-71.177607,55417,1,71,1705,195366
978,Michigan,City82,32.458762,-110.673584,61603,5,69,2568,397902
979,Tennessee,City54,38.850611,-68.955009,64540,3,16,2409,361163
980,Wisconsin,City2,36.634869,-90.569663,45304,3,23,2648,320305
981,Texas,City23,37.192603,-103.402326,71411,2,105,843,197265
982,New Jersey,City42,41.390113,-91.728104,39888,1,47,1301,136247
983,North Carolina,City164,45.256312,-69.939717,67825,6,29,1757,415809
984,North Carolina,City121,28.934091,-123.700014,69527,6,44,2001,378709
985,Maryland,City113,38.306869,-112.604828,53726,1,105,1462,147291
986,Michigan,City5,42.295355,-93.014185,59787,7,19,1213,389159
987,Maryland,City159,31.111485,-122.360348,33871,4,114,1819,238328
988,Indiana,City43,48.561692,-84.240798,56196,8,75,1821,406768
989,Washington,City62,35.318401,-114.202695,56246,5,33,948,311610
990,Arizona,City106,38.262285,-110.578746,53023,7,45,1066,382079
991,Massachusetts,City72,27.208876,-81.930102,73212,8,83,1162,416024
992,Florida,City100,25.115999,-77.288157,59930,5,5,1718,368728
993,New York,City30,41.943768,-102.685059,51257,6,80,1543,334380
994,Florida,City142,30.024566,-80.561812,73861,1,95,1542,191527
995,Wisconsin,City123,38.65206,-72.361442,53572,3,75,799,224951
996,Virginia,City42,38.239089,-97.620548,59975,3,16,2157,373298
997,New York,City133,33.389516,-119.667247,65259,1,113,1532,179414
998,Virginia,City157,26.654611,-111.264784,73523,4,66,1547,324384
999,Texas,City142,26.128804,-82.255876,77289,4,111,1939,319824
1000,Massachusetts,City1,46.020153,-124.330074,78322,1,72,2065,280137
